statefips,entity,date,mw
0,United States,19750101,2.1
0,United States,19760101,2.3
0,United States,19780101,2.65
0,United States,19790101,2.9
0,United States,19800101,3.1
0,United States,19810101,3.35
0,United States,19900401,3.8
0,United States,19910401,4.25
0,United States,19961001,4.75
0,United States,19970901,5.15
0,United States,20070724,5.85
0,United States,20080724,6.55
0,United States,20090724,7.25
2,Alaska,19750101,2.6
2,Alaska,19760101,2.8
2,Alaska,19780101,3.15
2,Alaska,19790101,3.4
2,Alaska,19800101,3.6
2,Alaska,19810101,3.85
2,Alaska,19900401,4.3
2,Alaska,19910401,4.75
2,Alaska,19961001,5.25
2,Alaska,19970901,5.65
2,Alaska,20030101,7.15
2,Alaska,20090724,7.25
2,Alaska,20100101,7.75
4,Arizona,20070101,6.75
4,Arizona,20080101,6.9
4,Arizona,20090101,7.25
4,Arizona,20110101,7.35
4,Arizona,20120101,7.65
4,Arizona,20130101,7.8
5,Arkansas,19840101,3.05
5,Arkansas,19850101,3.15
5,Arkansas,19870101,3.25
5,Arkansas,19880101,3.3
5,Arkansas,19890901,3.35
5,Arkansas,19910701,3.65
5,Arkansas,19920701,4
5,Arkansas,19930101,4.15
5,Arkansas,19940701,4.25
5,Arkansas,19970701,4.75
5,Arkansas,19970901,5.15
5,Arkansas,20061001,6.25
6,California,19740304,2
6,California,19761018,2.5
6,California,19780401,2.65
6,California,19790101,2.9
6,California,19800101,3.1
6,California,19810101,3.35
6,California,19880701,4.25
6,California,19960101,4.75
6,California,19970301,5
6,California,19970901,5.15
6,California,19980301,5.75
6,California,20000101,6.25
6,California,20020101,6.75
6,California,20070101,7.5
6,California,20080101,8
8,Colorado,19800101,3.1
8,Colorado,19961001,4.75
8,Colorado,19970808,5.15
8,Colorado,20070101,6.85
8,Colorado,20080101,7.02
8,Colorado,20090101,7.28
8,Colorado,20100101,7.24
8,Colorado,20110101,7.36
8,Colorado,20120101,7.64
8,Colorado,20130101,7.78
9,Connecticut,19750101,2.11
9,Connecticut,19760101,2.31
9,Connecticut,19780101,2.66
9,Connecticut,19790101,2.91
9,Connecticut,19800101,3.12
9,Connecticut,19810101,3.37
9,Connecticut,19871001,3.75
9,Connecticut,19881001,4.25
9,Connecticut,19910401,4.27
9,Connecticut,19961001,4.77
9,Connecticut,19970901,5.18
9,Connecticut,19990101,5.65
9,Connecticut,20000101,6.15
9,Connecticut,20010101,6.4
9,Connecticut,20020101,6.7
9,Connecticut,20030101,6.9
9,Connecticut,20040101,7.1
9,Connecticut,20060101,7.4
9,Connecticut,20070101,7.65
9,Connecticut,20090101,8
9,Connecticut,20100101,8.25
10,Delaware,19870520,3.35
10,Delaware,19900401,3.8
10,Delaware,19910401,4.25
10,Delaware,19960415,4.65
10,Delaware,19961001,4.75
10,Delaware,19970101,5
10,Delaware,19970901,5.15
10,Delaware,19990501,5.65
10,Delaware,20001001,6.15
10,Delaware,20070101,6.65
10,Delaware,20080101,7.15
10,Delaware,20090724,7.25
11,D.C.,19720715,2.75
11,D.C.,19800317,3.75
11,D.C.,19811001,3.9
11,D.C.,19871218,4.85
11,D.C.,19910210,5.45
11,D.C.,19931001,5.25
11,D.C.,19961001,5.75
11,D.C.,19970901,6.15
11,D.C.,20050101,6.6
11,D.C.,20060101,7
11,D.C.,20080724,7.55
11,D.C.,20090724,8.25
12,Florida,20060101,6.4
12,Florida,20070101,6.67
12,Florida,20080101,6.79
12,Florida,20090724,7.25
12,Florida,20110601,7.31
12,Florida,20120101,7.67
12,Florida,20130101,7.79
13,Georgia,19840701,3.25
13,Georgia,20010701,5.15
15,Hawaii,19750101,2.4
15,Hawaii,19780701,2.65
15,Hawaii,19790701,2.9
15,Hawaii,19800701,3.1
15,Hawaii,19810701,3.35
15,Hawaii,19880101,3.85
15,Hawaii,19920401,4.75
15,Hawaii,19930101,5.25
15,Hawaii,20020101,5.75
15,Hawaii,20030101,6.25
15,Hawaii,20060101,6.75
15,Hawaii,20070101,7.25
16,Idaho,19900401,3.8
16,Idaho,19910401,4.25
16,Idaho,19970401,4.75
16,Idaho,19970901,5.15
16,Idaho,20070724,5.85
16,Idaho,20080724,6.55
16,Idaho,20090724,7.25
17,Illinois,19840101,2.65
17,Illinois,19841001,3
17,Illinois,19850701,3.35
17,Illinois,19900401,3.8
17,Illinois,19910401,4.25
17,Illinois,19961001,4.75
17,Illinois,19970901,5.15
17,Illinois,20040101,5.5
17,Illinois,20050101,6.5
17,Illinois,20070701,7.5
17,Illinois,20080701,7.75
17,Illinois,20090701,8
17,Illinois,20100701,8.25
18,India,19900701,3.35
18,India,19981001,4.25
18,India,19990301,5.15
18,India,20070724,5.85
18,India,20080724,6.55
18,India,20090724,7.25
19,Iowa,19890701,3.35
19,Iowa,19900101,3.85
19,Iowa,19910101,4.25
19,Iowa,19920101,4.65
19,Iowa,19961001,4.75
19,Iowa,19970901,5.15
19,Iowa,20070401,6.2
19,Iowa,20080101,7.25
20,Kansas,19880701,2.65
20,Kansas,20100101,7.25
21,Kentucky,19860715,3.35
21,Kentucky,19900715,3.8
21,Kentucky,19910715,4.25
21,Kentucky,19980715,5.15
21,Kentucky,20070626,5.85
21,Kentucky,20080701,6.55
21,Kentucky,20090701,7.25
23,Maine,19751001,2.3
23,Maine,19850101,3.45
23,Maine,19860101,3.55
23,Maine,19870101,3.65
23,Maine,19890101,3.75
23,Maine,19900101,3.85
23,Maine,19910401,4.25
23,Maine,19961001,4.75
23,Maine,19970901,5.15
23,Maine,20020101,5.75
23,Maine,20030101,6.25
23,Maine,20041001,6.35
23,Maine,20051001,6.5
23,Maine,20061001,6.75
23,Maine,20071001,7
23,Maine,20081001,7.25
23,Maine,20091001,7.5
24,Maryland,19900401,3.8
24,Maryland,19910401,4.25
24,Maryland,19971001,4.75
24,Maryland,19980901,5.15
24,Maryland,20070101,6.15
24,Maryland,20080724,6.55
24,Maryland,20090724,7.25
25,Massachusetts,19860701,3.55
25,Massachusetts,19870701,3.65
25,Massachusetts,19880701,3.75
25,Massachusetts,19920101,4.25
25,Massachusetts,19960101,4.75
25,Massachusetts,19970101,5.25
25,Massachusetts,20000101,6
25,Massachusetts,20010101,6.75
25,Massachusetts,20070101,7.5
25,Massachusetts,20080101,8
26,Michigan,19970501,4.75
26,Michigan,19970901,5.15
26,Michigan,20071001,6.95
26,Michigan,20080701,7.4
26,Michigan,20090701,7.4
27,Minnesota,19880101,3.55
27,Minnesota,19890101,3.85
27,Minnesota,19900101,3.95
27,Minnesota,19910101,4.25
27,Minnesota,19970901,5.15
27,Minnesota,20050801,6.15
29,Missouri,19900101,3.8
29,Missouri,19910401,4.25
29,Missouri,19961001,4.75
29,Missouri,19970901,5.15
29,Missouri,20070101,6.5
29,Missouri,20080101,6.65
29,Missouri,20090101,7.05
29,Missouri,20130101,7.35
30,Montana,19820701,2.75
30,Montana,19851001,3.05
30,Montana,19861001,3.35
30,Montana,19900401,3.8
30,Montana,19910426,4.25
30,Montana,19961001,4.75
30,Montana,19970901,5.15
30,Montana,20070101,6.15
30,Montana,20080101,6.25
30,Montana,20080724,6.55
30,Montana,20090101,6.9
30,Montana,20090724,7.25
30,Montana,20110101,7.35
30,Montana,20120101,7.65
30,Montana,20130101,7.8
31,Nebraska,19870829,3.35
31,Nebraska,19910701,4.25
31,Nebraska,19970901,5.15
31,Nebraska,20070724,5.85
31,Nebraska,20080724,6.55
31,Nebraska,20090724,7.25
32,Nevada,19870910,3.35
32,Nevada,19900401,3.8
32,Nevada,19910401,4.25
32,Nevada,19961001,4.75
32,Nevada,19970901,5.15
32,Nevada,20070701,6.33
32,Nevada,20080701,6.85
32,Nevada,20090701,7.55
32,Nevada,20110701,8.25
33,New Hampshire,19870101,3.45
33,New Hampshire,19880101,3.55
33,New Hampshire,19890101,3.65
33,New Hampshire,19900101,3.75
33,New Hampshire,19910101,3.85
33,New Hampshire,19910401,4.25
33,New Hampshire,19961001,4.75
33,New Hampshire,19970901,5.15
33,New Hampshire,,
33,New Hampshire,20080724,6.55
33,New Hampshire,20080901,7.25
34,New Jersey,19900503,3.8
34,New Jersey,19910401,4.25
34,New Jersey,19920401,5.05
34,New Jersey,19990101,5.15
34,New Jersey,20051001,6.15
34,New Jersey,20061001,7.15
34,New Jersey,20090724,7.25
35,New Mexico,19930701,4.25
35,New Mexico,20030701,5.15
35,New Mexico,20080101,6.5
35,New Mexico,20090101,7.5
36,New York,1972,1.85
36,New York,19900401,3.8
36,New York,19910401,4.25
36,New York,20000331,5.15
36,New York,20050101,6
36,New York,20060101,6.75
36,New York,20070101,7.15
36,New York,20090724,7.25
37,North Carolina,19730902,1.8
37,North Carolina,19920101,3.8
37,North Carolina,19930101,4.25
37,North Carolina,19970801,4.75
37,North Carolina,19970901,5.15
37,North Carolina,20070101,6.15
37,North Carolina,20080724,6.55
37,North Carolina,20090724,7.25
38,North Dakota,19890814,3.4
38,North Dakota,19910401,4.25
38,North Dakota,19961001,4.75
38,North Dakota,19970901,5.15
38,North Dakota,20070724,5.85
38,North Dakota,20080724,6.55
38,North Dakota,20090724,7.25
39,Ohio,19900924,3.8
39,Ohio,19910401,4.25
39,Ohio,20060328,5.15
39,Ohio,20070101,6.85
39,Ohio,20080101,7
39,Ohio,20090101,7.3
39,Ohio,20110101,7.4
39,Ohio,20120101,7.7
39,Ohio,20130101,7.85
40,Oklahoma,19831101,3.35
40,Oklahoma,19900401,3.8
40,Oklahoma,19910401,4.25
40,Oklahoma,19961001,4.75
40,Oklahoma,19970901,5.15
40,Oklahoma,20070724,5.85
40,Oklahoma,20080724,6.55
40,Oklahoma,20090724,7.25
41,Oregon,19810101,3.1
41,Oregon,19860101,3.35
41,Oregon,19890901,3.85
41,Oregon,19900101,4.25
41,Oregon,19910101,4.75
41,Oregon,19970101,5.5
41,Oregon,19980101,6
41,Oregon,19990101,6.5
41,Oregon,20030101,6.9
41,Oregon,20040101,7.05
41,Oregon,20050101,7.25
41,Oregon,20060101,7.5
41,Oregon,20070101,7.8
41,Oregon,20080101,7.95
41,Oregon,20090101,8.4
41,Oregon,20110101,8.5
41,Oregon,20120101,8.8
41,Oregon,20130101,8.95
42,Pennsylvania,19890201,3.7
42,Pennsylvania,19900401,3.8
42,Pennsylvania,19910401,4.25
42,Pennsylvania,19961001,4.75
42,Pennsylvania,19970901,5.15
42,Pennsylvania,20070101,6.25
42,Pennsylvania,20070701,7.15
42,Pennsylvania,20080101,7.15
42,Pennsylvania,20090724,7.25
44,Rhode Island,19740701,2.05
44,Rhode Island,19860701,3.55
44,Rhode Island,19870701,3.65
44,Rhode Island,19880701,4
44,Rhode Island,19890801,4.25
44,Rhode Island,19910401,4.45
44,Rhode Island,19960901,4.75
44,Rhode Island,19970101,5.15
44,Rhode Island,19990701,5.65
44,Rhode Island,20000901,6.15
44,Rhode Island,20040101,6.75
44,Rhode Island,20060301,7.1
44,Rhode Island,20070101,7.4
44,Rhode Island,20130101,7.75
46,South Dakota,19880701,3.35
46,South Dakota,19900401,3.8
46,South Dakota,19910401,4.25
46,South Dakota,19970401,4.75
46,South Dakota,19970901,5.15
46,South Dakota,20070724,5.85
46,South Dakota,20080724,6.55
46,South Dakota,20090724,7.25
48,Texas,19870901,3.35
48,Texas,20010901,5.15
48,Texas,20070724,5.85
48,Texas,20080724,6.55
48,Texas,20090724,7.25
49,Utah,19900401,3.8
49,Utah,19910401,4.25
49,Utah,19961001,4.75
49,Utah,19970901,5.15
49,Utah,20070724,5.85
49,Utah,20080724,6.55
49,Utah,20090724,7.25
50,Vermont,19860701,3.45
50,Vermont,19870701,3.55
50,Vermont,19880702,3.65
50,Vermont,19890702,3.75
50,Vermont,19900401,3.85
50,Vermont,19910401,4.25
50,Vermont,19950101,4.5
50,Vermont,19960101,4.75
50,Vermont,19970102,5
50,Vermont,19970701,5.15
50,Vermont,19971001,5.25
50,Vermont,19991001,5.75
50,Vermont,20010101,6.25
50,Vermont,20040101,6.75
50,Vermont,20050101,7
50,Vermont,20060101,7.25
50,Vermont,20080101,7.68
50,Vermont,20090101,8.06
50,Vermont,20100101,8.06
50,Vermont,20110101,8.15
50,Vermont,20120101,8.46
50,Vermont,20130101,8.6
51,Virginia,19910701,3.65
51,Virginia,19920701,4.25
51,Virginia,19961001,4.75
51,Virginia,19970901,5.15
51,Virginia,20070724,5.85
51,Virginia,20080724,6.55
51,Virginia,20090724,7.25
53,Washington,19890101,3.85
53,Washington,19900101,4.25
53,Washington,19940101,4.9
53,Washington,19990101,5.7
53,Washington,20000101,6.5
53,Washington,20010101,6.72
53,Washington,20020101,6.9
53,Washington,20030101,7.01
53,Washington,20040101,7.16
53,Washington,20050101,7.35
53,Washington,20060101,7.63
53,Washington,20070101,7.93
53,Washington,20080101,8.07
53,Washington,20090101,8.55
53,Washington,20110101,8.67
53,Washington,20120101,9.04
53,Washington,20130101,9.19
54,West Virginia,19870101,3.35
54,West Virginia,19900401,3.8
54,West Virginia,19920401,4.25
54,West Virginia,19971001,4.75
54,West Virginia,19980901,5.15
54,West Virginia,20060701,5.85
54,West Virginia,20070701,6.55
54,West Virginia,20080701,7.25
55,Wisconsin,19870901,3.35
55,Wisconsin,19890701,3.65
55,Wisconsin,19900401,3.8
55,Wisconsin,19920301,4.25
55,Wisconsin,19961001,4.75
55,Wisconsin,19970901,5.15
55,Wisconsin,20050601,5.7
55,Wisconsin,20060601,6.5
55,Wisconsin,20090724,7.25
56,Wyoming,20010401,5.15
